,0,1,2,3,4,5,6,7,8,9
0,test_0.jpg,test_1.jpg,test_62.jpg,test_61.jpg,test_98.jpg,test_5.jpg,test_93.jpg,test_32.jpg,test_91.jpg,test_96.jpg
1,test_0.jpg,test_1.jpg,test_62.jpg,test_61.jpg,test_98.jpg,test_5.jpg,test_93.jpg,test_32.jpg,test_91.jpg,test_96.jpg
2,test_10.jpg,test_37.jpg,test_34.jpg,test_90.jpg,test_97.jpg,test_25.jpg,test_76.jpg,test_54.jpg,test_58.jpg,test_69.jpg
3,test_100.jpg,test_16.jpg,test_21.jpg,test_20.jpg,test_61.jpg,test_38.jpg,test_26.jpg,test_9.jpg,test_24.jpg,test_18.jpg
4,test_101.jpg,test_93.jpg,test_74.jpg,test_24.jpg,test_62.jpg,test_1.jpg,test_0.jpg,test_85.jpg,test_26.jpg,test_77.jpg
5,test_102.jpg,test_92.jpg,test_109.jpg,test_50.jpg,test_43.jpg,test_42.jpg,test_30.jpg,test_36.jpg,test_35.jpg,test_23.jpg
6,test_103.jpg,test_49.jpg,test_8.jpg,test_109.jpg,test_71.jpg,test_42.jpg,test_43.jpg,test_31.jpg,test_99.jpg,test_107.jpg
7,test_104.jpg,test_8.jpg,test_105.jpg,test_106.jpg,test_10.jpg,test_37.jpg,test_69.jpg,test_85.jpg,test_97.jpg,test_44.jpg
8,test_105.jpg,test_106.jpg,test_107.jpg,test_104.jpg,test_8.jpg,test_96.jpg,test_93.jpg,test_1.jpg,test_0.jpg,test_5.jpg
9,test_106.jpg,test_105.jpg,test_8.jpg,test_96.jpg,test_104.jpg,test_107.jpg,test_99.jpg,test_93.jpg,test_62.jpg,test_5.jpg
10,test_107.jpg,test_105.jpg,test_106.jpg,test_8.jpg,test_49.jpg,test_48.jpg,test_7.jpg,test_71.jpg,test_27.jpg,test_75.jpg
11,test_108.jpg,test_1.jpg,test_0.jpg,test_98.jpg,test_16.jpg,test_11.jpg,test_74.jpg,test_91.jpg,test_61.jpg,test_5.jpg
12,test_109.jpg,test_42.jpg,test_43.jpg,test_23.jpg,test_31.jpg,test_50.jpg,test_92.jpg,test_49.jpg,test_29.jpg,test_71.jpg
13,test_11.jpg,test_108.jpg,test_46.jpg,test_76.jpg,test_98.jpg,test_9.jpg,test_88.jpg,test_74.jpg,test_1.jpg,test_0.jpg
14,test_12.jpg,test_14.jpg,test_13.jpg,test_53.jpg,test_15.jpg,test_6.jpg,test_48.jpg,test_63.jpg,test_65.jpg,test_64.jpg
15,test_13.jpg,test_15.jpg,test_23.jpg,test_48.jpg,test_12.jpg,test_14.jpg,test_63.jpg,test_66.jpg,test_53.jpg,test_65.jpg
16,test_14.jpg,test_64.jpg,test_63.jpg,test_65.jpg,test_12.jpg,test_15.jpg,test_13.jpg,test_66.jpg,test_52.jpg,test_6.jpg
17,test_15.jpg,test_13.jpg,test_6.jpg,test_14.jpg,test_66.jpg,test_87.jpg,test_12.jpg,test_23.jpg,test_63.jpg,test_64.jpg
18,test_16.jpg,test_24.jpg,test_100.jpg,test_26.jpg,test_74.jpg,test_21.jpg,test_20.jpg,test_91.jpg,test_88.jpg,test_61.jpg
19,test_17.jpg,test_45.jpg,test_54.jpg,test_89.jpg,test_68.jpg,test_34.jpg,test_97.jpg,test_51.jpg,test_72.jpg,test_37.jpg
20,test_18.jpg,test_61.jpg,test_5.jpg,test_96.jpg,test_62.jpg,test_93.jpg,test_1.jpg,test_0.jpg,test_74.jpg,test_108.jpg
21,test_19.jpg,test_20.jpg,test_21.jpg,test_51.jpg,test_104.jpg,test_54.jpg,test_37.jpg,test_90.jpg,test_39.jpg,test_106.jpg
22,test_2.jpg,test_7.jpg,test_20.jpg,test_16.jpg,test_23.jpg,test_48.jpg,test_50.jpg,test_96.jpg,test_32.jpg,test_106.jpg
23,test_20.jpg,test_21.jpg,test_16.jpg,test_100.jpg,test_2.jpg,test_19.jpg,test_39.jpg,test_31.jpg,test_28.jpg,test_101.jpg
24,test_21.jpg,test_20.jpg,test_100.jpg,test_16.jpg,test_24.jpg,test_28.jpg,test_26.jpg,test_101.jpg,test_31.jpg,test_54.jpg
25,test_22.jpg,test_55.jpg,test_96.jpg,test_62.jpg,test_98.jpg,test_61.jpg,test_93.jpg,test_5.jpg,test_1.jpg,test_0.jpg
26,test_23.jpg,test_48.jpg,test_50.jpg,test_13.jpg,test_42.jpg,test_31.jpg,test_43.jpg,test_66.jpg,test_39.jpg,test_49.jpg
27,test_24.jpg,test_26.jpg,test_25.jpg,test_74.jpg,test_91.jpg,test_101.jpg,test_96.jpg,test_73.jpg,test_16.jpg,test_51.jpg
28,test_25.jpg,test_24.jpg,test_26.jpg,test_73.jpg,test_44.jpg,test_10.jpg,test_74.jpg,test_85.jpg,test_41.jpg,test_60.jpg
29,test_26.jpg,test_24.jpg,test_74.jpg,test_25.jpg,test_91.jpg,test_61.jpg,test_51.jpg,test_101.jpg,test_96.jpg,test_16.jpg
30,test_27.jpg,test_75.jpg,test_107.jpg,test_54.jpg,test_71.jpg,test_101.jpg,test_10.jpg,test_24.jpg,test_8.jpg,test_74.jpg
31,test_28.jpg,test_29.jpg,test_31.jpg,test_3.jpg,test_53.jpg,test_30.jpg,test_101.jpg,test_99.jpg,test_94.jpg,test_109.jpg
32,test_29.jpg,test_28.jpg,test_31.jpg,test_46.jpg,test_3.jpg,test_99.jpg,test_109.jpg,test_80.jpg,test_91.jpg,test_75.jpg
33,test_3.jpg,test_8.jpg,test_28.jpg,test_91.jpg,test_5.jpg,test_93.jpg,test_31.jpg,test_106.jpg,test_105.jpg,test_32.jpg
34,test_30.jpg,test_94.jpg,test_36.jpg,test_35.jpg,test_63.jpg,test_64.jpg,test_28.jpg,test_101.jpg,test_49.jpg,test_65.jpg
35,test_31.jpg,test_28.jpg,test_39.jpg,test_23.jpg,test_66.jpg,test_7.jpg,test_49.jpg,test_71.jpg,test_29.jpg,test_109.jpg
36,test_32.jpg,test_5.jpg,test_0.jpg,test_1.jpg,test_62.jpg,test_93.jpg,test_55.jpg,test_96.jpg,test_8.jpg,test_98.jpg
37,test_33.jpg,test_76.jpg,test_57.jpg,test_10.jpg,test_97.jpg,test_37.jpg,test_73.jpg,test_74.jpg,test_85.jpg,test_86.jpg
38,test_34.jpg,test_54.jpg,test_68.jpg,test_97.jpg,test_45.jpg,test_37.jpg,test_51.jpg,test_10.jpg,test_89.jpg,test_90.jpg
39,test_35.jpg,test_36.jpg,test_30.jpg,test_71.jpg,test_23.jpg,test_43.jpg,test_42.jpg,test_94.jpg,test_39.jpg,test_101.jpg
40,test_35.jpg,test_36.jpg,test_30.jpg,test_71.jpg,test_23.jpg,test_43.jpg,test_42.jpg,test_94.jpg,test_39.jpg,test_101.jpg
41,test_37.jpg,test_10.jpg,test_89.jpg,test_51.jpg,test_34.jpg,test_54.jpg,test_69.jpg,test_8.jpg,test_90.jpg,test_93.jpg
42,test_38.jpg,test_0.jpg,test_1.jpg,test_16.jpg,test_34.jpg,test_100.jpg,test_108.jpg,test_98.jpg,test_18.jpg,test_72.jpg
43,test_39.jpg,test_31.jpg,test_23.jpg,test_36.jpg,test_35.jpg,test_13.jpg,test_49.jpg,test_66.jpg,test_48.jpg,test_32.jpg
44,test_4.jpg,test_77.jpg,test_44.jpg,test_35.jpg,test_36.jpg,test_12.jpg,test_96.jpg,test_41.jpg,test_85.jpg,test_47.jpg
45,test_40.jpg,test_91.jpg,test_61.jpg,test_1.jpg,test_0.jpg,test_96.jpg,test_98.jpg,test_26.jpg,test_55.jpg,test_5.jpg
46,test_41.jpg,test_44.jpg,test_25.jpg,test_47.jpg,test_85.jpg,test_86.jpg,test_90.jpg,test_8.jpg,test_37.jpg,test_97.jpg
47,test_42.jpg,test_43.jpg,test_109.jpg,test_71.jpg,test_23.jpg,test_49.jpg,test_36.jpg,test_35.jpg,test_6.jpg,test_56.jpg
48,test_43.jpg,test_42.jpg,test_109.jpg,test_71.jpg,test_23.jpg,test_36.jpg,test_35.jpg,test_49.jpg,test_6.jpg,test_56.jpg
49,test_44.jpg,test_25.jpg,test_41.jpg,test_77.jpg,test_37.jpg,test_96.jpg,test_8.jpg,test_86.jpg,test_69.jpg,test_4.jpg
50,test_45.jpg,test_68.jpg,test_72.jpg,test_54.jpg,test_89.jpg,test_17.jpg,test_97.jpg,test_86.jpg,test_51.jpg,test_34.jpg
51,test_46.jpg,test_29.jpg,test_11.jpg,test_16.jpg,test_91.jpg,test_58.jpg,test_28.jpg,test_24.jpg,test_74.jpg,test_47.jpg
52,test_47.jpg,test_8.jpg,test_77.jpg,test_41.jpg,test_99.jpg,test_53.jpg,test_86.jpg,test_44.jpg,test_5.jpg,test_3.jpg
53,test_48.jpg,test_49.jpg,test_23.jpg,test_66.jpg,test_13.jpg,test_107.jpg,test_53.jpg,test_6.jpg,test_12.jpg,test_32.jpg
54,test_49.jpg,test_48.jpg,test_6.jpg,test_23.jpg,test_42.jpg,test_107.jpg,test_43.jpg,test_66.jpg,test_31.jpg,test_15.jpg
55,test_5.jpg,test_96.jpg,test_55.jpg,test_61.jpg,test_1.jpg,test_0.jpg,test_62.jpg,test_32.jpg,test_8.jpg,test_88.jpg
56,test_50.jpg,test_23.jpg,test_109.jpg,test_48.jpg,test_49.jpg,test_92.jpg,test_7.jpg,test_6.jpg,test_43.jpg,test_42.jpg
57,test_51.jpg,test_54.jpg,test_68.jpg,test_45.jpg,test_37.jpg,test_34.jpg,test_86.jpg,test_90.jpg,test_93.jpg,test_97.jpg
58,test_52.jpg,test_64.jpg,test_63.jpg,test_65.jpg,test_14.jpg,test_12.jpg,test_13.jpg,test_15.jpg,test_53.jpg,test_31.jpg
59,test_53.jpg,test_12.jpg,test_13.jpg,test_48.jpg,test_28.jpg,test_66.jpg,test_14.jpg,test_41.jpg,test_47.jpg,test_55.jpg
60,test_54.jpg,test_97.jpg,test_90.jpg,test_45.jpg,test_51.jpg,test_34.jpg,test_89.jpg,test_17.jpg,test_86.jpg,test_68.jpg
61,test_55.jpg,test_96.jpg,test_93.jpg,test_5.jpg,test_22.jpg,test_62.jpg,test_91.jpg,test_1.jpg,test_0.jpg,test_61.jpg
62,test_56.jpg,test_82.jpg,test_84.jpg,test_43.jpg,test_81.jpg,test_42.jpg,test_15.jpg,test_88.jpg,test_83.jpg,test_23.jpg
63,test_57.jpg,test_76.jpg,test_33.jpg,test_10.jpg,test_104.jpg,test_85.jpg,test_37.jpg,test_69.jpg,test_8.jpg,test_47.jpg
64,test_58.jpg,test_34.jpg,test_54.jpg,test_17.jpg,test_10.jpg,test_90.jpg,test_89.jpg,test_72.jpg,test_51.jpg,test_68.jpg
65,test_59.jpg,test_5.jpg,test_55.jpg,test_32.jpg,test_1.jpg,test_0.jpg,test_53.jpg,test_98.jpg,test_88.jpg,test_22.jpg
66,test_6.jpg,test_15.jpg,test_49.jpg,test_63.jpg,test_64.jpg,test_65.jpg,test_87.jpg,test_48.jpg,test_42.jpg,test_43.jpg
67,test_60.jpg,test_91.jpg,test_25.jpg,test_10.jpg,test_24.jpg,test_101.jpg,test_107.jpg,test_8.jpg,test_93.jpg,test_37.jpg
68,test_61.jpg,test_1.jpg,test_0.jpg,test_62.jpg,test_96.jpg,test_91.jpg,test_5.jpg,test_98.jpg,test_26.jpg,test_40.jpg
69,test_62.jpg,test_1.jpg,test_0.jpg,test_96.jpg,test_61.jpg,test_98.jpg,test_93.jpg,test_22.jpg,test_55.jpg,test_5.jpg
70,test_63.jpg,test_64.jpg,test_65.jpg,test_14.jpg,test_52.jpg,test_6.jpg,test_13.jpg,test_15.jpg,test_30.jpg,test_12.jpg
71,test_64.jpg,test_63.jpg,test_65.jpg,test_14.jpg,test_52.jpg,test_6.jpg,test_13.jpg,test_15.jpg,test_30.jpg,test_87.jpg
72,test_65.jpg,test_64.jpg,test_63.jpg,test_14.jpg,test_52.jpg,test_6.jpg,test_13.jpg,test_12.jpg,test_15.jpg,test_30.jpg
73,test_66.jpg,test_48.jpg,test_23.jpg,test_15.jpg,test_13.jpg,test_14.jpg,test_49.jpg,test_31.jpg,test_53.jpg,test_39.jpg
74,test_67.jpg,test_5.jpg,test_50.jpg,test_26.jpg,test_2.jpg,test_74.jpg,test_108.jpg,test_11.jpg,test_98.jpg,test_16.jpg
75,test_68.jpg,test_45.jpg,test_97.jpg,test_89.jpg,test_51.jpg,test_34.jpg,test_86.jpg,test_72.jpg,test_54.jpg,test_90.jpg
76,test_69.jpg,test_37.jpg,test_89.jpg,test_97.jpg,test_45.jpg,test_34.jpg,test_10.jpg,test_86.jpg,test_8.jpg,test_54.jpg
77,test_7.jpg,test_31.jpg,test_107.jpg,test_8.jpg,test_49.jpg,test_48.jpg,test_23.jpg,test_50.jpg,test_2.jpg,test_80.jpg
78,test_70.jpg,test_71.jpg,test_43.jpg,test_42.jpg,test_96.jpg,test_6.jpg,test_13.jpg,test_107.jpg,test_44.jpg,test_35.jpg
79,test_71.jpg,test_70.jpg,test_42.jpg,test_43.jpg,test_36.jpg,test_35.jpg,test_31.jpg,test_107.jpg,test_75.jpg,test_23.jpg
80,test_72.jpg,test_45.jpg,test_68.jpg,test_34.jpg,test_51.jpg,test_17.jpg,test_89.jpg,test_86.jpg,test_54.jpg,test_58.jpg
81,test_73.jpg,test_25.jpg,test_74.jpg,test_24.jpg,test_85.jpg,test_10.jpg,test_26.jpg,test_76.jpg,test_91.jpg,test_33.jpg
82,test_74.jpg,test_91.jpg,test_26.jpg,test_24.jpg,test_101.jpg,test_73.jpg,test_1.jpg,test_0.jpg,test_61.jpg,test_88.jpg
83,test_75.jpg,test_27.jpg,test_54.jpg,test_99.jpg,test_71.jpg,test_101.jpg,test_107.jpg,test_49.jpg,test_90.jpg,test_80.jpg
84,test_76.jpg,test_33.jpg,test_57.jpg,test_10.jpg,test_73.jpg,test_74.jpg,test_37.jpg,test_1.jpg,test_0.jpg,test_32.jpg
85,test_77.jpg,test_96.jpg,test_44.jpg,test_5.jpg,test_47.jpg,test_55.jpg,test_86.jpg,test_101.jpg,test_26.jpg,test_4.jpg
86,test_78.jpg,test_73.jpg,test_1.jpg,test_0.jpg,test_76.jpg,test_38.jpg,test_108.jpg,test_80.jpg,test_74.jpg,test_91.jpg
87,test_79.jpg,test_36.jpg,test_35.jpg,test_23.jpg,test_30.jpg,test_94.jpg,test_88.jpg,test_50.jpg,test_8.jpg,test_3.jpg
88,test_8.jpg,test_104.jpg,test_106.jpg,test_105.jpg,test_3.jpg,test_37.jpg,test_5.jpg,test_32.jpg,test_107.jpg,test_47.jpg
89,test_80.jpg,test_84.jpg,test_75.jpg,test_29.jpg,test_53.jpg,test_7.jpg,test_8.jpg,test_3.jpg,test_28.jpg,test_107.jpg
90,test_81.jpg,test_84.jpg,test_82.jpg,test_83.jpg,test_56.jpg,test_88.jpg,test_6.jpg,test_62.jpg,test_1.jpg,test_0.jpg
91,test_82.jpg,test_84.jpg,test_83.jpg,test_81.jpg,test_56.jpg,test_88.jpg,test_6.jpg,test_49.jpg,test_75.jpg,test_15.jpg
92,test_83.jpg,test_82.jpg,test_84.jpg,test_81.jpg,test_49.jpg,test_56.jpg,test_48.jpg,test_53.jpg,test_107.jpg,test_75.jpg
93,test_84.jpg,test_82.jpg,test_81.jpg,test_83.jpg,test_56.jpg,test_80.jpg,test_6.jpg,test_88.jpg,test_15.jpg,test_75.jpg
94,test_85.jpg,test_25.jpg,test_101.jpg,test_73.jpg,test_54.jpg,test_62.jpg,test_37.jpg,test_74.jpg,test_1.jpg,test_0.jpg
95,test_86.jpg,test_45.jpg,test_68.jpg,test_54.jpg,test_97.jpg,test_89.jpg,test_51.jpg,test_90.jpg,test_72.jpg,test_77.jpg
96,test_87.jpg,test_6.jpg,test_15.jpg,test_63.jpg,test_64.jpg,test_65.jpg,test_49.jpg,test_42.jpg,test_43.jpg,test_14.jpg
97,test_88.jpg,test_5.jpg,test_74.jpg,test_82.jpg,test_16.jpg,test_30.jpg,test_94.jpg,test_49.jpg,test_36.jpg,test_35.jpg
98,test_89.jpg,test_45.jpg,test_68.jpg,test_97.jpg,test_54.jpg,test_37.jpg,test_17.jpg,test_34.jpg,test_86.jpg,test_90.jpg
99,test_9.jpg,test_76.jpg,test_88.jpg,test_100.jpg,test_47.jpg,test_11.jpg,test_58.jpg,test_20.jpg,test_16.jpg,test_8.jpg
100,test_90.jpg,test_54.jpg,test_97.jpg,test_45.jpg,test_34.jpg,test_86.jpg,test_68.jpg,test_89.jpg,test_51.jpg,test_10.jpg
101,test_91.jpg,test_74.jpg,test_24.jpg,test_26.jpg,test_61.jpg,test_96.jpg,test_40.jpg,test_55.jpg,test_1.jpg,test_0.jpg
102,test_92.jpg,test_102.jpg,test_109.jpg,test_94.jpg,test_43.jpg,test_42.jpg,test_30.jpg,test_50.jpg,test_36.jpg,test_35.jpg
103,test_93.jpg,test_101.jpg,test_55.jpg,test_62.jpg,test_96.jpg,test_1.jpg,test_0.jpg,test_51.jpg,test_32.jpg,test_37.jpg
104,test_94.jpg,test_30.jpg,test_36.jpg,test_35.jpg,test_6.jpg,test_92.jpg,test_49.jpg,test_88.jpg,test_101.jpg,test_65.jpg
105,test_95.jpg,test_53.jpg,test_12.jpg,test_13.jpg,test_99.jpg,test_44.jpg,test_77.jpg,test_30.jpg,test_28.jpg,test_93.jpg
106,test_96.jpg,test_62.jpg,test_55.jpg,test_5.jpg,test_61.jpg,test_93.jpg,test_91.jpg,test_22.jpg,test_77.jpg,test_106.jpg
107,test_97.jpg,test_54.jpg,test_68.jpg,test_45.jpg,test_89.jpg,test_90.jpg,test_34.jpg,test_86.jpg,test_69.jpg,test_17.jpg
108,test_98.jpg,test_1.jpg,test_0.jpg,test_62.jpg,test_61.jpg,test_5.jpg,test_22.jpg,test_32.jpg,test_55.jpg,test_40.jpg
109,test_99.jpg,test_106.jpg,test_8.jpg,test_17.jpg,test_75.jpg,test_25.jpg,test_47.jpg,test_24.jpg,test_77.jpg,test_86.jpg
